"field_1","field_2","field_3","field_4","field_5","field_6","field_7","area_ha","hmean_m","p95_m","cover","Alt_mean","AGB_mean","VCC_mean","AGB_total","VCC_total"
"Cmed",575162.005,4775585.541,516.17,NA,0,0,0.194291202198395,15.8207125893453,28.13,0.653178856992257,14.1452795924786,118.398937148941,255.713627833216,23.0038718376799,49.6829081702283
